{
  "properties": {
    "connectionReferences": {
      "shared_commondataserviceforapps": {
        "runtimeSource": "embedded",
        "connection": {
          "connectionReferenceLogicalName": "cr9e4_sharedcommondataserviceforapps_54b2e"
        },
        "api": {
          "name": "shared_commondataserviceforapps"
        }
      }
    },
    "definition": {
      "$schema": "https://schema.management.azure.com/providers/Microsoft.Logic/schemas/2016-06-01/workflowdefinition.json#",
      "contentVersion": "1.0.0.0",
      "parameters": {
        "$connections": {
          "defaultValue": {},
          "type": "Object"
        },
        "$authentication": {
          "defaultValue": {},
          "type": "SecureObject"
        }
      },
      "triggers": {
        "manual": {
          "metadata": {
            "operationMetadataId": "03cbf7a1-3318-46dd-a354-ff9cd8f8d9b8"
          },
          "type": "Request",
          "kind": "PowerAppV2",
          "inputs": {
            "schema": {
              "type": "object",
              "properties": {},
              "required": []
            }
          }
        }
      },
      "actions": {
        "List_rows": {
          "runAfter": {},
          "metadata": {
            "operationMetadataId": "64d655f8-1189-43bf-9806-e56f481261a5"
          },
          "type": "OpenApiConnection",
          "inputs": {
            "host": {
              "connectionName": "shared_commondataserviceforapps",
              "operationId": "ListRecords",
              "apiId": "/providers/Microsoft.PowerApps/apis/shared_commondataserviceforapps"
            },
            "parameters": {
              "entityName": "accounts",
              "$select": "name",
              "$top": 1
            },
            "authentication": "@parameters('$authentication')"
          }
        },
        "Respond_to_a_Power_App_or_flow": {
          "runAfter": {
            "Get_Environment_ID": [
              "Succeeded"
            ]
          },
          "metadata": {
            "operationMetadataId": "bac9aa8f-a144-4fb1-87cc-50ee8b79c708"
          },
          "type": "Response",
          "kind": "PowerApp",
          "inputs": {
            "statusCode": 200,
            "body": {
              "crmurl": "@body('Get_CRM_URL')?['@odata.id']",
              "envid": "@body('Get_Environment_ID')?['tags']?['environmentName']"
            },
            "schema": {
              "type": "object",
              "properties": {
                "crmurl": {
                  "title": "CRMUrl",
                  "x-ms-dynamically-added": true,
                  "type": "string"
                },
                "envid": {
                  "title": "EnvID",
                  "x-ms-dynamically-added": true,
                  "type": "string"
                }
              }
            }
          }
        },
        "Compose": {
          "runAfter": {
            "List_rows": [
              "Succeeded"
            ]
          },
          "metadata": {
            "operationMetadataId": "6fe5b10b-0185-432f-82de-1cfe6e2c24e8"
          },
          "type": "Compose",
          "inputs": "@first(outputs('List_rows')?['body/value'])"
        },
        "Get_CRM_URL": {
          "runAfter": {
            "Compose": [
              "Succeeded"
            ]
          },
          "metadata": {
            "operationMetadataId": "1464c9eb-c4bc-43f3-b9e6-3eafb5ae49e3"
          },
          "type": "ParseJson",
          "inputs": {
            "content": "@outputs('Compose')",
            "schema": {
              "type": "object",
              "properties": {
                "@@odata.type": {
                  "type": "string"
                },
                "@@odata.id": {
                  "type": "string"
                },
                "@@odata.etag": {
                  "type": "string"
                },
                "@@odata.editLink": {
                  "type": "string"
                },
                "name": {
                  "type": "string"
                },
                "accountid@odata.type": {
                  "type": "string"
                },
                "accountid": {
                  "type": "string"
                }
              }
            }
          }
        },
        "Get_Environment_ID": {
          "runAfter": {
            "Get_CRM_URL": [
              "Succeeded"
            ]
          },
          "metadata": {
            "operationMetadataId": "956c39e2-52e0-4c60-985a-257eebd117ff"
          },
          "type": "ParseJson",
          "inputs": {
            "content": "@workflow()",
            "schema": {
              "type": "object",
              "properties": {
                "id": {
                  "type": "string"
                },
                "name": {
                  "type": "string"
                },
                "type": {
                  "type": "string"
                },
                "location": {
                  "type": "string"
                },
                "tags": {
                  "type": "object",
                  "properties": {
                    "flowDisplayName": {
                      "type": "string"
                    },
                    "environmentName": {
                      "type": "string"
                    },
                    "logicAppName": {
                      "type": "string"
                    },
                    "environmentWorkflowId": {
                      "type": "string"
                    },
                    "xrmWorkflowId": {
                      "type": "string"
                    },
                    "environmentFlowSuspensionReason": {
                      "type": "string"
                    },
                    "sharingType": {
                      "type": "string"
                    },
                    "state": {
                      "type": "string"
                    },
                    "createdTime": {
                      "type": "string"
                    },
                    "lastModifiedTime": {
                      "type": "string"
                    },
                    "createdBy": {
                      "type": "string"
                    },
                    "triggerType": {
                      "type": "string"
                    }
                  }
                },
                "run": {
                  "type": "object",
                  "properties": {
                    "id": {
                      "type": "string"
                    },
                    "name": {
                      "type": "string"
                    },
                    "type": {
                      "type": "string"
                    }
                  }
                }
              }
            }
          }
        }
      }
    },
    "templateName": ""
  },
  "schemaVersion": "1.0.0.0"
}