<ImportExportXml xmlns:xsi="http://www.w3.org/2001/XMLSchema-instance" OrganizationVersion="9.2.24112.220" OrganizationSchemaType="Standard" CRMServerServiceabilityVersion="9.2.24112.00220">
  <Entities>
    <Entity>
      <Name LocalizedName="Flow Run" OriginalName="Flow Run">flowrun</Name>
      <RibbonDiffXml>
        <RibbonNotSupported />
      </RibbonDiffXml>
    </Entity>
    <Entity>
      <Name LocalizedName="Process" OriginalName="">Workflow</Name>
      <SavedQueries>
        <savedqueries>
          <savedquery>
            <IsCustomizable>1</IsCustomizable>
            <CanBeDeleted>1</CanBeDeleted>
            <isquickfindquery>0</isquickfindquery>
            <isprivate>0</isprivate>
            <isdefault>0</isdefault>
            <savedqueryid>{e06d6b00-38c1-ef11-b8e9-6045bd022000}</savedqueryid>
            <layoutxml>
              <grid name="resultset" jump="name" select="1" icon="1" preview="1">
                <row name="result" id="workflowid">
                  <cell name="name" width="200" />
                  <cell name="createdon" width="105" />
                  <cell name="category" width="100" />
                </row>
              </grid>
            </layoutxml>
            <querytype>0</querytype>
            <fetchxml>
              <fetch version="1.0" output-format="xml-platform" mapping="logical" distinct="true">
                <entity name="workflow">
                  <attribute name="name" />
                  <attribute name="workflowid" />
                  <attribute name="createdon" />
                  <attribute name="category" />
                  <filter type="and">
                    <condition attribute="category" operator="eq" value="5" />
                  </filter>
                </entity>
              </fetch>
            </fetchxml>
            <IntroducedVersion>1.0.0.0</IntroducedVersion>
            <LocalizedNames>
              <LocalizedName description="Cloud Flows" languagecode="1033" />
            </LocalizedNames>
          </savedquery>
        </savedqueries>
      </SavedQueries>
      <RibbonDiffXml>
        <CustomActions />
        <Templates>
          <RibbonTemplates Id="Mscrm.Templates"></RibbonTemplates>
        </Templates>
        <CommandDefinitions />
        <RuleDefinitions>
          <TabDisplayRules />
          <DisplayRules />
          <EnableRules />
        </RuleDefinitions>
        <LocLabels />
      </RibbonDiffXml>
    </Entity>
  </Entities>
  <Roles></Roles>
  <Workflows>
    <Workflow WorkflowId="{90c77be5-a7c1-ef11-b8e9-6045bd022000}" Name="GetCRMUri">
      <JsonFileName>/Workflows/GetCRMUri-90C77BE5-A7C1-EF11-B8E9-6045BD022000.json</JsonFileName>
      <Type>1</Type>
      <Subprocess>0</Subprocess>
      <Category>5</Category>
      <Mode>0</Mode>
      <Scope>4</Scope>
      <OnDemand>0</OnDemand>
      <TriggerOnCreate>0</TriggerOnCreate>
      <TriggerOnDelete>0</TriggerOnDelete>
      <AsyncAutodelete>0</AsyncAutodelete>
      <SyncWorkflowLogOnFailure>0</SyncWorkflowLogOnFailure>
      <StateCode>1</StateCode>
      <StatusCode>2</StatusCode>
      <RunAs>1</RunAs>
      <IsTransacted>1</IsTransacted>
      <IntroducedVersion>1.0.0.0</IntroducedVersion>
      <IsCustomizable>1</IsCustomizable>
      <BusinessProcessType>0</BusinessProcessType>
      <IsCustomProcessingStepAllowedForOtherPublishers>1</IsCustomProcessingStepAllowedForOtherPublishers>
      <PrimaryEntity>none</PrimaryEntity>
      <LocalizedNames>
        <LocalizedName languagecode="1033" description="GetCRMUri" />
      </LocalizedNames>
    </Workflow>
  </Workflows>
  <FieldSecurityProfiles></FieldSecurityProfiles>
  <Templates />
  <EntityMaps />
  <EntityRelationships />
  <OrganizationSettings />
  <optionsets />
  <CustomControls />
  <AppModuleSiteMaps>
    <AppModuleSiteMap>
      <SiteMapUniqueName>new_FlowDetails</SiteMapUniqueName>
      <EnableCollapsibleGroups>False</EnableCollapsibleGroups>
      <ShowHome>True</ShowHome>
      <ShowPinned>True</ShowPinned>
      <ShowRecents>True</ShowRecents>
      <SiteMap IntroducedVersion="7.0.0.0">
        <Area Id="area_b28a94db" ResourceId="SitemapDesigner.NewTitle" DescriptionResourceId="SitemapDesigner.NewTitle" ShowGroups="true" IntroducedVersion="7.0.0.0">
          <Titles>
            <Title LCID="1033" Title="Area1" />
          </Titles>
          <Group Id="group_a504fa33" ResourceId="SitemapDesigner.NewGroup" DescriptionResourceId="SitemapDesigner.NewGroup" IntroducedVersion="7.0.0.0" IsProfile="false" ToolTipResourseId="SitemapDesigner.Unknown">
            <SubArea Id="subarea_1208c1f3" Icon="/_imgs/imagestrips/transparent_spacer.gif" Entity="flowrun" Client="All,Outlook,OutlookLaptopClient,OutlookWorkstationClient,Web" AvailableOffline="true" PassParams="false" Sku="All,OnPremise,Live,SPLA" />
            <SubArea Id="subarea_c8fc8fda" Icon="/_imgs/imagestrips/transparent_spacer.gif" Entity="workflow" Client="All,Outlook,OutlookLaptopClient,OutlookWorkstationClient,Web" AvailableOffline="true" PassParams="false" Sku="All,OnPremise,Live,SPLA" />
            <SubArea Id="subarea_4383b3be" Icon="/_imgs/imagestrips/transparent_spacer.gif" Client="All,Outlook,OutlookLaptopClient,OutlookWorkstationClient,Web" AvailableOffline="true" PassParams="false" Sku="All,OnPremise,Live,SPLA" Page="new_flowdetails_fd41e">
              <Titles>
                <Title LCID="1033" Title="Flow Details" />
              </Titles>
            </SubArea>
          </Group>
        </Area>
      </SiteMap>
      <LocalizedNames>
        <LocalizedName description="Flow Details" languagecode="1033" />
      </LocalizedNames>
    </AppModuleSiteMap>
  </AppModuleSiteMaps>
  <AppModules>
    <AppModule>
      <UniqueName>new_FlowDetails</UniqueName>
      <IntroducedVersion>1.0.0.0</IntroducedVersion>
      <WebResourceId>953b9fac-1e5e-e611-80d6-00155ded156f</WebResourceId>
      <OptimizedFor></OptimizedFor>
      <statecode>0</statecode>
      <statuscode>1</statuscode>
      <FormFactor>1</FormFactor>
      <ClientType>4</ClientType>
      <NavigationType>0</NavigationType>
      <AppModuleComponents>
        <AppModuleComponent type="1" schemaName="flowrun" />
        <AppModuleComponent type="1" schemaName="workflow" />
        <AppModuleComponent type="62" schemaName="new_FlowDetails" />
        <AppModuleComponent type="26" id="{27793551-980a-446c-a30f-4bdc7b0a7174}" />
        <AppModuleComponent type="26" id="{e06d6b00-38c1-ef11-b8e9-6045bd022000}" />
      </AppModuleComponents>
      <AppModuleRoleMaps>
        <Role id="{627090ff-40a3-4053-8790-584edc5be201}" />
        <Role id="{119f245c-3cc8-4b62-b31c-d1a046ced15d}" />
      </AppModuleRoleMaps>
      <LocalizedNames>
        <LocalizedName description="Flow Details" languagecode="1033" />
      </LocalizedNames>
      <Descriptions>
        <Description description="Empower your business with Flow Details, enabling seamless management and tracking of workflows and processes. Enhance operational efficiency by accessing comprehensive views of activated processes and business process flows." languagecode="1033" />
      </Descriptions>
      <appelements>
        <appelement uniquename="new_new_FlowDetails_canvasappid_new_flowdetails_fd41e">
          <canvasappid>
            <name>new_flowdetails_fd41e</name>
          </canvasappid>
          <iscustomizable>1</iscustomizable>
          <name>new_new_FlowDetails_canvasappid_new_flowdetails_fd41e</name>
        </appelement>
      </appelements>
      <appsettings>
        <appsetting settingdefinitionid.uniquename="AppChannel">
          <iscustomizable>1</iscustomizable>
          <value>1</value>
        </appsetting>
      </appsettings>
    </AppModule>
  </AppModules>
  <EntityDataProviders />
  <CanvasApps>
    <CanvasApp>
      <Name>new_flowdetails_fd41e</Name>
      <AppVersion>2024-12-24T08:03:43Z</AppVersion>
      <Status>Ready</Status>
      <CreatedByClientVersion>3.24122.12.0</CreatedByClientVersion>
      <MinClientVersion>3.24122.12.0</MinClientVersion>
      <Tags>{"primaryDeviceWidth":"1911","primaryDeviceHeight":"853","supportsPortrait":"true","supportsLandscape":"true","primaryFormFactor":"Tablet","showStatusBar":"false","publisherVersion":"3.24122.12","minimumRequiredApiVersion":"2.2.0","hasComponent":"false","hasUnlockedComponent":"false","isUnifiedRootApp":"false","sienaVersion":"20241224T074303Z-3.24122.12.0"}</Tags>
      <IsCdsUpgraded>0</IsCdsUpgraded>
      <GalleryItemId xsi:nil="true"></GalleryItemId>
      <BackgroundColor>RGBA(0,176,240,1)</BackgroundColor>
      <DisplayName>Flow Details</DisplayName>
      <Description xsi:nil="true"></Description>
      <CommitMessage xsi:nil="true"></CommitMessage>
      <Publisher xsi:nil="true"></Publisher>
      <AuthorizationReferences>[]</AuthorizationReferences>
      <ConnectionReferences>{"080748bd-9867-4c0e-a911-f0920c364a6b":{"id":"/providers/microsoft.powerapps/apis/shared_logicflows","displayName":"Logic flows","iconUri":"https://connectoricons-prod.azureedge.net/releases/v1.0.1719/1.0.1719.3955/logicflows/icon.png","dataSources":["GetCRMUri"],"dependencies":["edc82447-c80d-4caf-bbfb-4c4b6049ce89"],"dependents":[],"parameterHints":{"workflowName":{"value":"9349be12-2bbd-4ef1-bf56-8939369e98ff"},"workflowEntityId":{"value":"90c77be5-a7c1-ef11-b8e9-6045bd022000"},"workflowDisplayName":{"value":"GetCRMUri"},"edc82447-c80d-4caf-bbfb-4c4b6049ce89":{"value":"shared_commondataserviceforapps"}},"parameterHintsV2":{"workflowName":{"value":"9349be12-2bbd-4ef1-bf56-8939369e98ff"},"workflowEntityId":{"value":"90c77be5-a7c1-ef11-b8e9-6045bd022000"},"workflowDisplayName":{"value":"GetCRMUri"},"shared_commondataserviceforapps":{"value":"edc82447-c80d-4caf-bbfb-4c4b6049ce89"}},"isOnPremiseConnection":false,"bypassConsent":false,"dataSets":{},"apiTier":"Standard","actions":["Run"]},"edc82447-c80d-4caf-bbfb-4c4b6049ce89":{"id":"/providers/microsoft.powerapps/apis/shared_commondataserviceforapps","displayName":"Microsoft Dataverse","iconUri":"https://connectoricons-prod.azureedge.net/releases/v1.0.1722/1.0.1722.3977/commondataserviceforapps/icon.png","dataSources":[],"dependencies":[],"dependents":["080748bd-9867-4c0e-a911-f0920c364a6b"],"parameterHints":{},"parameterHintsV2":{},"isOnPremiseConnection":false,"bypassConsent":false,"dataSets":{},"apiTier":"Premium"}}</ConnectionReferences>
      <DatabaseReferences>{"default.cds":{"databaseDetails":{"referenceType":"Environmental","environmentName":"default.cds","overrideValues":{"status":"NotSpecified","environmentVariableName":""}},"dataSources":{"Processes":{"entitySetName":"workflows","logicalName":"workflow"},"Flow Runs":{"entitySetName":"flowruns","logicalName":"flowrun"},"Users":{"entitySetName":"systemusers","logicalName":"systemuser"},"Solutions":{"entitySetName":"solutions","logicalName":"solution"}}}}</DatabaseReferences>
      <AppComponents>[]</AppComponents>
      <AppComponentDependencies>[]</AppComponentDependencies>
      <CanConsumeAppPass>0</CanConsumeAppPass>
      <CanvasAppType>2</CanvasAppType>
      <BypassConsent>0</BypassConsent>
      <AdminControlBypassConsent>0</AdminControlBypassConsent>
      <EmbeddedApp xsi:nil="true"></EmbeddedApp>
      <IntroducedVersion>1.0</IntroducedVersion>
      <CdsDependencies>{"cdsdependencies":[{"dependencyid":"90c77be5-a7c1-ef11-b8e9-6045bd022000","componenttype":29,"componenttypeplatformname":"Workflow"},{"logicalname":"workflow","componenttype":1},{"logicalname":"flowrun","componenttype":1},{"logicalname":"systemuser","componenttype":1},{"logicalname":"solution","componenttype":1}]}</CdsDependencies>
      <IsCustomizable>1</IsCustomizable>
      <BackgroundImageUri>/CanvasApps/new_flowdetails_fd41e_BackgroundImageUri</BackgroundImageUri>
      <DocumentUri>/CanvasApps/new_flowdetails_fd41e_DocumentUri.msapp</DocumentUri>
      <AdditionalUris>
        <AdditionalUri>/CanvasApps/new_flowdetails_fd41e_AdditionalUris0_identity.json</AdditionalUri>
      </AdditionalUris>
    </CanvasApp>
  </CanvasApps>
  <connectionreferences>
    <connectionreference connectionreferencelogicalname="cr9e4_sharedcommondataserviceforapps_54b2e">
      <connectionreferencedisplayname>Microsoft Dataverse Cr688d3-54b2e</connectionreferencedisplayname>
      <connectorid>/providers/Microsoft.PowerApps/apis/shared_commondataserviceforapps</connectorid>
      <iscustomizable>1</iscustomizable>
      <promptingbehavior>0</promptingbehavior>
      <statecode>0</statecode>
      <statuscode>1</statuscode>
    </connectionreference>
  </connectionreferences>
  <Languages>
    <Language>1033</Language>
  </Languages>
</ImportExportXml>